Workbook

Sheet Toelichting
A1: Kostenkentallen WWSO-optimalisatie — maatregelencatalogus
A2: Versie 0.1 — 19 augustus 2026 — startversie met schattingen, bedoeld om door te ontwikkelen
A4: Waarvoor is dit bestand
A5: Deze catalogus voedt de suggestie-engine van de WWSO-scenariotool. Per maatregel staat wat het kost
A6: en welk effect het heeft op de puntentelling. De engine combineert maatregelen tot pakketten en
A7: rangschikt die op terugverdientijd (investering ÷ extra jaarhuur).
A9: Belangrijk: alle bedragen in kolom F t/m H zijn SCHATTINGEN van Claude
A10: Het zijn indicatieve Nederlandse marktprijzen 2026, inclusief btw en inclusief arbeid, bedoeld als
A11: startwaarde. Ze zijn NIET gebaseerd op offertes of op jullie eigen realisaties. Vervang ze zodra je
A12: echte cijfers hebt en zet kolom O op 'bevestigd'. Zolang een regel op 'schatting' staat toont de app
A13: de uitkomst als bandbreedte, niet als bedrag.
A15: Wat jullie invullen / bijwerken
... A36: gedeeld door het aantal kamers met toegang, dus dezelfde maatregel levert per pand iets anders op.

Sheet Aannames
A1: Aannames en kengetallen
A3: Parameter | B3: Waarde | C3: Eenheid | D3: Toelichting
A4: Regio-index | B4: 1 | C4: factor | D4: 1,00 = landelijk gemiddelde. Randstad/Rotterdam ligt in de praktijk 1,00-1,10. Kolom I van Maatregelen rekent hiermee.
A5: Btw-tarief bouw (regulier) | B5: 0.21 | C5: % | D5: Alle bedragen in deze catalogus zijn INCLUSIEF btw.
A6: Btw-tarief renovatie arbeid | B6: 0.09 | C6: % | D6: Verlaagd tarief voor arbeid bij woningen ouder dan 2 jaar; door aannemers wisselend toegepast. Controleer per offerte.
A7: Prijspeil | B7: 2026 | C7: jaar | D7: Startversie augustus 2026. Werk de bedragen jaarlijks bij of indexeer met onderstaande factor.
A8: Indexatie bouwkosten p/j | B8: 0.03 | C8: % | D8: Vuistregel voor het bijwerken van niet-bevestigde regels.
A9: Standaard plafondhoogte | B9: 2.6 | C9: m | D9: Gebruikt om wandprijzen per m¹ af te leiden uit prijzen per m².
A10: Huurderving per kamer p/mnd | B10: 550 | C10: € | D10: Gemiste huur tijdens verbouwing. Meenemen in de investeringskant van een scenario.
A13: Bron van de startwaarden: inschatting Claude op basis van Nederlandse marktprijzen 2026. Geen offertes. Vervangen door eigen cijfers.

Sheet Maatregelen
A1: Maatregelencatalogus — kosten en puntenimpact
A2: Geel = door jullie in te vullen. Kolom I is een formule. Kolom K is een vuistregel, geen berekening.
A4: id | B4: Rubriek | C4: Categorie | D4: Maatregel | E4: Eenheid | F4: Kosten min (€) | G4: Kosten verwacht (€) | H4: Kosten max (€) | I4: Verwacht × regio (€) | J4: Effect op puntentelling | K4: Punten-indicatie | L4: Vergunning / melding | M4: Doorlooptijd | N4: Bron | O4: Status | P4: Laatst bijgewerkt
A5: K-01 | B5: R5 | C5: Keuken | D5: Kitchenette/keukenblok 122 cm per kamer (spoelbak+kraan, inductieplaat, afzuigkap, 2x boven-/onderkast, 2x stopcontact) incl. plaatsing | E5: per kamer | F5: 2485 | G5: 2485 | H5: 2485 | I5: =G5*Aannames!$B$4 | J5: Verschuift keukenpunten van gedeeld naar privé: de kamer deelt de keukenpunten niet meer door het aantal kamers met toegang. Aanrechtlengte 122 cm. | K5: 8 pt (aanrecht 122 cm) | L5: Nee (wel bouwbesluit/ventilatie) | M5: 1-2 weken | N5: Offerte leverancier, keukenblok 122cm/8pt (resources/Kosten per keukenblok.xlsx), 2026-08-26 | O5: offerte | P5: 2026-08-26
A6: K-02 | B6: R5 | C6: Keuken | D6: Water- en afvoeraansluiting + elektragroep naar kamer trekken (t.b.v. kitchenette) | E6: per kamer | F6: 1761.5 | G6: 1761.5 | H6: 1761.5 | I6: =G6*Aannames!$B$4 | J6: Randvoorwaarde voor K-01, geen zelfstandige puntenwinst. | K6: 0 (enabler) | L6: Nee | M6: 1 week | N6: Offerte leverancier, keukenblok 122/240cm (resources/Kosten per keukenblok.xlsx), 2026-08-26 | O6: offerte | P6: 2026-08-26
A7: K-03 | B7: R5 | C7: Keuken | D7: Aanrechtblad verlengen naar >1 m of >2 m (drempelwaarde basispunten) | E7: per keuken | F7: 400 | G7: 750 | H7: 1400 | I7: =G7*Aannames!$B$4 | J7: Basispunten keuken lopen op met de aanrechtlengte; net over een drempel komen kan meerdere punten schelen. | K7: Drempelafhankelijk | L7: Nee | M7: 2-4 dagen | N7: Schatting Claude, NL marktprijzen 2026 | O7: schatting | P7: 2026-08-19
A8: K-04 | B8: R5 | C8: Keuken | D8: Inbouwkoelkast plaatsen | E8: per stuk | F8: 400 | G8: 550 | H8: 800 | I8: =G8*Aannames!$B$4 | J8: Extra keukenvoorziening; totaal extra keukenpunten is gecapt op de basispunten. | K8: Gecapt op basispunten | L8: Nee | M8: 1 dag | N8: Schatting Claude, NL marktprijzen 2026 | O8: schatting | P8: 2026-08-19
A9: K-05 | B9: R5 | C9: Keuken | D9: Inductiekookplaat 4-pits vervangen/plaatsen | E9: per stuk | F9: 300 | G9: 500 | H9: 900 | I9: =G9*Aannames!$B$4 | J9: Extra keukenvoorziening. | K9: Gecapt op basispunten | L9: Nee | M9: 1 dag | N9: Schatting Claude, NL marktprijzen 2026 | O9: schatting | P9: 2026-08-19
A10: K-06 | B10: R5 | C10: Keuken | D10: Afzuigkap met afvoer naar buiten | E10: per stuk | F10: 250 | G10: 450 | H10: 900 | I10: =G10*Aannames!$B$4 | J10: Extra keukenvoorziening. | K10: Gecapt op basispunten | L10: Nee | M10: 1 dag | N10: Schatting Claude, NL marktprijzen 2026 | O10: schatting | P10: 2026-08-19
A11: K-07 | B11: R5 | C11: Keuken | D11: Combimagnetron of oven inbouwen | E11: per stuk | F11: 300 | G11: 500 | H11: 900 | I11: =G11*Aannames!$B$4 | J11: Extra keukenvoorziening — telt zowel het magnetron- als het ovenpunt (een apparaat met twee functies = twee voorzieningen, §2.5.4). | K11: Gecapt op basispunten | L11: Nee | M11: 1 dag | N11: Schatting Claude, NL marktprijzen 2026 | O11: schatting | P11: 2026-08-19
A12: K-08 | B12: R5 | C12: Keuken | D12: Vaatwasser inbouwen incl. aansluiting | E12: per stuk | F12: 550 | G12: 850 | H12: 1400 | I12: =G12*Aannames!$B$4 | J12: Extra keukenvoorziening. | K12: Gecapt op basispunten | L12: Nee | M12: 1 dag | N12: Schatting Claude, NL marktprijzen 2026 | O12: schatting | P12: 2026-08-19
A13: S-01 | B13: R6 | C13: Sanitair | D13: Wastafel met wastafelkast op de kamer, incl. water- en afvoeraansluiting | E13: per kamer | F13: 800 | G13: 1300 | H13: 2400 | I13: =G13*Aannames!$B$4 | J13: Sanitaire punten voor de wastafel worden privé i.p.v. gedeeld door het aantal kamers met toegang. | K13: Direct effect per kamer | L13: Nee | M13: 3-5 dagen | N13: Schatting Claude, NL marktprijzen 2026 | O13: schatting | P13: 2026-08-19
A14: S-02 | B14: R6 | C14: Sanitair | D14: Tweede toilet plaatsen (incl. riool, ventilatie, wandje) | E14: per stuk | F14: 2500 | G14: 4200 | H14: 7000 | I14: =G14*Aannames!$B$4 | J14: Minder deling van de toiletpunten over kamers. | K14: Schaalt met aantal kamers | L14: Soms melding | M14: 2-3 weken | N14: Schatting Claude, NL marktprijzen 2026 | O14: schatting | P14: 2026-08-19
A15: S-03 | B15: R6 | C15: Sanitair | D15: Extra douche / tweede badkamer realiseren | E15: per stuk | F15: 6000 | G15: 9500 | H15: 16000 | I15: =G15*Aannames!$B$4 | J15: Douche-/badpunten over minder kamers verdeeld; ook basis voor extra sanitaire punten. | K15: Grootste sanitaire sprong | L15: Vaak melding | M15: 3-5 weken | N15: Schatting Claude, NL marktprijzen 2026 | O15: schatting | P15: 2026-08-19
A16: S-04 | B16: R6 | C16: Sanitair | D16: Thermostatische douchekraan plaatsen | E16: per stuk | F16: 250 | G16: 400 | H16: 700 | I16: =G16*Aannames!$B$4 | J16: Extra sanitaire voorziening; gecapt op de douche-/badpunten. | K16: Gecapt | L16: Nee | M16: 1 dag | N16: Schatting Claude, NL marktprijzen 2026 | O16: schatting | P16: 2026-08-19
... A57: S-07 | B57: R6 | C57: Sanitair | D57: Eenhandsmengkraan plaatsen (wastafel) | E57: per stuk | F57: 150 | G57: 250 | H57: 450 | I57: =G57*Aannames!$B$4 | J57: Extra sanitaire voorziening; gecapt op de douche-/badpunten. | K57: Gecapt | L57: Nee | M57: 1 dag | N57: Schatting Claude, NL marktprijzen 2026 | O57: schatting | P57: 2026-10-02
D59: Aantal maatregelen in catalogus | E59: =COUNTA(A5:A57) | F59: =COUNTIF(O5:O57,"bevestigd")&" van "&COUNTA(A5:A57)&" bevestigd"
D61: Alle bedragen zijn schattingen van Claude (NL marktprijzen 2026, incl. btw en arbeid) — geen offertes. Vervang ze door eigen cijfers en zet de status om.
